,FanArt
0,soraArt
1,ロボ子Art
2,miko_Art
3,ほしまちぎゃらりー
4,AZKiART
5,メルArt
6,アロ絵
7,はあとart
8,絵フブキ
9,祭絵
11,あくあーと
12,シオンの書物
13,しょこらーと
14,プロテインザスバル
15,百鬼絵巻
16,みおーん絵
17,絵かゆ
18,できたてころね
20,ぺこらーと
21,絵クロマンサー
22,しらぬえ
23,ノエラート
24,マリンのお宝
25,かなたーと
26,つのまきあーと
29,TOWART
31,ルーナート
32,みかじ絵
34,LamyArt
35,ねねアルバム
36,ししらーと
37,絵まる
38,まのあろ絵
39,Laplus_Artdesu
40,Luillust
41,こよりすけっち
42,さかまた飼育日記
43,いろはにも絵を
44,ioarts
45,HoshinovArt
46,GambaRisu
47,graveyART
48,anyatelier
49,Reinessance
50,Zetacrylic
52,inKaela
54,AeruSeni
56,callillust
57,カリイラスト
58,artsofashes
59,絵ニックス
60,inART
61,いなート
62,gawrt
63,ameliaRT
65,IRySart
66,galaxillust
67,FineFaunart
68,kronillust
69,クロニーラスト
70,drawMEI
71,ムメ絵
72,illustrayBAE
73,ベーアート
74,faunline
75,絵ーちゃん
76,のどかあーと